designs,synID,prediction,actual
pci,964,0.17892987,1.1686219
pci,997,0.1796364,-0.4138121
pci,139,0.18103728,0.8656026
pci,948,0.1815091,-1.1208571
pci,362,0.18177135,0.19222645
pci,162,0.18222097,1.5053099
pci,391,0.1842147,-0.98618186
pci,333,0.1856818,-0.077124014
